{
  "accuracy": {
    "mean": 0.0,
    "std": 0.0,
    "min": 0.0,
    "max": 0.0,
    "median": 0.0
  },
  "elapsed_seconds": {
    "mean": 0.03587747899291571,
    "std": 0.0014614790125051513,
    "min": 0.03441599998041056,
    "max": 0.037338958005420864,
    "median": 0.03587747899291571
  },
  "total_cost_usd": {
    "mean": 0.0,
    "std": 0.0,
    "min": 0.0,
    "max": 0.0,
    "median": 0.0
  },
  "lm_cost_usd": {
    "mean": 0.0,
    "std": 0.0,
    "min": 0.0,
    "max": 0.0,
    "median": 0.0
  },
  "web_cost_usd": {
    "mean": 0.0,
    "std": 0.0,
    "min": 0.0,
    "max": 0.0,
    "median": 0.0
  }
}